Title,Path
Book revie,review-book-ours-to-hack-and-own
5 new guid,openstack-tutorials
Be the ope,be-open-source-supply-chain
Developing,developing-open-leaders
How to get,how-to-orange-pi
4 ways to ,4-ways-improve-your-online-security
 WOOTConf ,women-open-technology-miniconf
From hobby,openstack-news-january-30
How commun,how-communities-india-support-privacy-software-freedom
New Minecr,open-gaming-news-january-28
Top 5: Sol,top-5-january-27
Data Priva,every-day-privacy
How to suc,cultivating-business-foss-market
Getting st,beginner-LulzBot-Mini-3D-printer
A 5-step p,escape-the-cave
Search thi,making-us-patent-system-useful-again
Using rsyn,rsync-backup-linux
How to joi,how-join-technical-community
Solid stat,solid-state-drives-linux-enabling-trim-ssds
An executi,container-strategy-for-executives
24 Pull Re,24-Pull-Requests-challenge
Happy birt,happy-birthday-7
Announcing,announcing-2016-open-source-yearbook
Brotli: A ,brotli-compression-algorithm
School sys,open-up-resources
What your ,repo-tells-a-story
Unpicking ,community-leadership-matters
Win a Lulz,getting-started-giveaway
Shell scri,shell-scripting-shift-method-custom-functions
Python and,python-and-successive-approximation
2017 Peopl,2017-peoples-choice-awards
Tips for i,openstack-news-january-23
The new Ra,news-january-21
5 ways to ,expand-project-contributor-base
How to wri,writing-new-web-apps-shiny
Top 5: She,top-5-january-20
How is you,take-action-diversity-tech
Get to kno,interview-Tuleap-project
How to get,how-get-started-contributing-mozilla
Be a force,force-for-good-community
Do I need ,providing-corresponding-source-agplv3-license
10 reasons,cinnamon-desktop-environment
How to gai,3-ways-improve-your-confidence
A behind t,interview-katrina-owen-founder-exercism
What is yo,what-your-favorite-linux-distribution
Why events,drupal-sibera
5 resoluti,open-org-resolutions-2017
 Cast your,cast-your-vote-2017-community-awards
Can academ,Wiki-Education-Foundation
Why every ,open-source-point-sale-system
Getting st,getting-started-shell-scripting
Tips for c,openstack-news-january-16
Discord ch,open-gaming-news-january-14
Top 5: Mos,top-5-january-13
Tips for n,non-native-speakers-take-open-source-communities
3 open sou,open-source-music-players
How compan,how-companies-contribute-open-source
3 to-do li,task-managers-linux-command-line
How to use,linux-plays-sound
My first t,my-first-three-open-source-contributions
Proof that,proof-openness-scales
How to cho,choosing-your-first-programming-language
Explore cl,apache-open-climate-workbench
The differ,difference-between-development-deployment
Improve yo,exercism-learning-programming
Open medic,eSaude-medical-records
Why we nee,government-open-source-models
What engin,engineers-marketers-can-learn
How to get,how-get-started-open-source-programmer
Troublesho,yearbook-linux-troubleshooting-tips
Open techn,land-rights-documentation-Cadasta
Landing a ,openstack-news-january-9
CyanogenMo,news-january-7
Top 5: Hot,top-5-january-6
Publisher',yearbook-publishers-picks
Using Clan,coding-style
Top 10 and,December-2016-review-top-10
10 open so,task-management-time-tracking-android
10 steps t,yearbook-10-steps-innersource-your-organization
9 reasons ,open-source-hardware-certification
What story,what-storytellers-can-teach-open-leaders
50 ways to,yearbook-50-ways-avoid-getting-hacked
By Jove! I,jove-lightweight-alternative-vim
DronePan: ,dronepan
4 hot skil,yearbook-4-hot-skills-linux-pros-2017
What does ,traditional-arts-crafts-code-programming
Tapitoo Op,tapitoo-opencart
Avoid echo,avoid-echo-chambers-make-open-decisions
7 notable ,yearbook-7-notable-legal-developments-2016
3 tips for,tips-using-wiki-documentation
The Openso,editorial-preview-january
What is yo,what-your-open-source-new-years-resolution
